facility_id,independent_building_verified
dc_f8f4d74a1bbf,True
dc_23feba8dfbd6,True
dc_e1f13594b03c,False
dc_29f5ae089013,True
dc_d3c9d1fc34c5,True
dc_719da80ba59e,True
dc_4661711aa91c,False
dc_d26ec4045e7e,False
dc_9656dea8298d,True
dc_c481a23e5621,True
dc_3220818536c7,True
dc_f17c4c877a75,True
dc_fc76d047a367,True
dc_515444aaf104,True
dc_9b38f4695f6f,True
dc_0a5b4dcabb86,True
dc_37b6e4984473,True
dc_15ae64532452,True
dc_0b58b9cd7bf3,True
dc_1935437c7e01,False
dc_3fef4ef0197e,False
dc_526c2a45ec28,False
dc_88ceb844bdf4,True
dc_e1986068387b,False
dc_084826c020f7,False
dc_570dcd095704,True
dc_40672a8077dd,True
dc_2309affb2b7b,True
dc_c72d4cbdd423,True
dc_3693cec0112a,True
dc_f9abac844891,True
dc_e3f7200338fd,True
dc_711866d61cdd,True
dc_84d7cd7f77ed,True
dc_d71a4f367977,True
dc_3b5df59ce5b8,False
dc_bac15142be82,False
dc_403473c81f1f,False
dc_ecc6d4f818f6,False
dc_5d6a8401ff0b,True
dc_b63c46c43ef7,False
dc_c4a353e43e52,False
dc_1f13f2e4e800,False
dc_091d046182c5,False
dc_6ff36699e16a,False
dc_2a1d188ac87d,False
dc_d2de6bd1654c,True
dc_924134c2a4de,False
dc_a2925ffcf201,False
dc_953d28b6d60c,False
dc_2fb6faada02b,False
dc_767f1e943a61,True
dc_01f98dd90a2d,True
dc_ac081552fe1c,False
dc_90c8dcfdda40,False
dc_ce363e3ec754,False
dc_cf7e6e8946c1,True
dc_5dcb98d9729e,True
dc_2d83d46863fc,True
dc_58ce7a0aa27d,False
dc_03a9959da784,False
dc_bb6acbbe7a18,False
dc_23f3922163d5,False
dc_3933c406bf5d,False
dc_5316b4c0a16e,False
dc_25cab7b22101,True
dc_598350b62d6f,True
dc_2e2a707c7ddf,False
dc_6b5eadf13d33,True
dc_0829ecd70434,False
dc_3b69dbc4e5a5,True
dc_1771855b67b2,False
dc_8d7d400daa85,False
dc_a48459500fa0,False
dc_6bb9d780dce7,False
dc_9acc15c3d0a9,False
dc_4fd715d56b5a,True
dc_64ef535e80b4,False
dc_483139dbc068,False
dc_224c864afb76,True
dc_69889b71d3f5,True
dc_57acf1168596,False
dc_cd1b4830cc8b,False
dc_63bb73652979,True
dc_b8be2b6536e3,False
dc_15be445c537f,True
dc_2e34e7874bca,True
dc_5a0289a90452,False
dc_e47b672ce4ff,True
dc_92b8c227e4e0,False
dc_a2e7abda96a4,False
dc_605d28c1cd25,True
dc_d39ed5f3b9d9,True
dc_f41ce391bc3a,True
dc_0f8e04f8093f,True
dc_70517ce6c585,True
dc_3c06c3237ab7,False
dc_256bfc3771cd,False
dc_8eb668a8b3c3,True
dc_9f04712f31d7,True
dc_d05d1d438fa4,True
dc_2a2a32281bd3,True
dc_470dccd260a2,True
dc_2e8820a1a344,True
dc_d4a1a829c73b,False
dc_a155358ecc51,True
dc_e1661b2a1f9b,True
dc_479fe0de6655,True
dc_556a64184f4a,True
dc_e00eb2aece58,True
dc_038b8645007d,True
dc_506d216f297e,True
dc_6377f6789f0d,True
dc_2c5adc2a0ab8,True
dc_4f362c566385,True
dc_5f959f8ebedd,True
dc_4b5f2abb8123,True
dc_34886e6cf7de,True
dc_3e49d7f1ba48,True
dc_d766673ffec0,True
dc_7c4b01474de7,True
dc_9d25e192f215,True
dc_735d2581baf7,True
dc_7fe3c888b6c0,True
dc_78def80fc2f7,True
dc_12cbbeba293d,True
dc_b3f9e624dfec,True
dc_44e1452bfc28,True
dc_08c02a332e69,True
dc_a99edebba530,True
dc_7bac40f4748e,True
dc_1cab594215d1,True
dc_6be6451b0bd2,True
dc_3dc0f4451cf1,True
dc_38197c1f3767,False
dc_e247d5484e1d,True
dc_6986fb479925,False
dc_bd791a1d5428,True
dc_37283499bff1,True
dc_5251c1998ce0,True
dc_7293ff46ee7f,True
dc_d7bbe1a551ea,True
dc_e6031badf345,False
dc_73ec60377ab8,False
dc_e0ba05af04ef,True
dc_9558c9615f47,True
dc_4c8ff415be80,True
dc_764778a857ca,True
dc_5de7805a4d95,True
dc_b00a5fe6d20d,True
dc_8e694360ade4,True
dc_c55962889669,True
dc_9590e95f1c65,True
dc_12f42ac7aa67,True
dc_7535ad317c26,True
dc_1162b8639226,True
dc_e1d7138b0007,True
dc_c8e79bad6c96,True
dc_03fb7c7b8edd,True
dc_77cbe277429a,True
dc_c6ae9e1f88c6,True
dc_2358caf9e233,True
dc_9244f32ac697,True
dc_518875f9d853,True
dc_9c927d5b249c,True
dc_a9ccce6607ff,True
dc_27bede9eb66c,True
dc_49bdf2fd4426,True
dc_3e5f70660fb6,True
dc_dc75a6364fe9,True
dc_7e1ec0fe32da,True
dc_67a4e14e8e91,True
dc_bbef47685601,True
dc_3fa01f9ed0e0,True
dc_05ba33d454f3,True
dc_13ba42acb0f3,True
dc_7cdd84794129,True
dc_b7521d3b140b,True
dc_a33e0eaf3913,True
dc_6e6524e46803,True
dc_3b4009cb1bbc,True
dc_a0f51e098a77,True
dc_4608aa9b25e5,True
dc_c006ad7d9563,True
dc_8582438c63c9,True
dc_d4b9ccf16584,True
dc_6553f43d85f7,True
dc_f8d214368884,True
dc_b8308dcc18bb,False
dc_68281ce20aef,True
dc_973ebac1cb09,True
dc_f66efb0a0bc9,True
dc_b58a2083db92,True
dc_f97d793b329a,True
dc_a7a75774014b,True
dc_139e10563e60,True
dc_c99149f78d34,True
dc_4f36c545582c,True
dc_1b52528a2400,True
dc_b9607f6a4899,False
dc_949ff6edb0fd,True
dc_d4fbdd3d160d,False
dc_6cd941ab7126,False
dc_95e3409a561c,False
dc_f8e6324f3558,False
dc_7c0cbc96d748,True
dc_0fddb314e04f,True
dc_4b5aca5e22a3,False
dc_c8a36d575578,True
dc_e58ccf16d115,True
dc_12dcf424978c,True
dc_0bbaee713245,True
dc_89d0864db4f2,True
dc_59783b2d12ed,True
dc_4dbc93c49488,True
dc_9a78859fa7f1,True
dc_d290e4022b32,True
dc_90455f1b2274,True
dc_f27036f5aa1b,True
dc_1381e04db5f3,True
dc_8454f89ad7f5,True
dc_5901d49adbc4,True
dc_67ad37b81af1,True
dc_ad3f1c9b17f1,True
dc_d677d70d3c7b,True
dc_6db1673e46d6,True
dc_e3eb86c1081a,True
dc_59230c71f261,False
dc_0be54ba06f42,True
dc_2fcba60acd27,True
dc_1c50ce7c72a5,False
dc_80a8e001435c,False
dc_6868e3ad619f,False
dc_8f61bbab2b18,False
dc_938af684faa3,True
dc_01f94da97123,True
dc_716763afa8e2,False
dc_0d9b2c88b783,True
dc_f4bc65542ad7,False
dc_1e7f741f9284,True
dc_8411b70ee9f3,True
dc_9a40b00a652d,True
dc_b957334fcb5a,False
dc_9fc2a0ec8776,False
dc_99361789c568,False
dc_2d889a97f7e9,True
dc_74688765b678,True
dc_84bb862c11a5,False
dc_148aeae62582,True
dc_bb41f7c6272c,False
dc_37ea6db27be4,True
dc_573a60c3563b,False
dc_4b4306dd4707,False
dc_bf74522cdc31,True
dc_a5f0be3912b0,True
dc_b9ee518385d3,True
dc_122d26c60fe0,True
dc_4e99cc75cd39,False
dc_a4d71aa335ce,True
dc_0912ba349988,True
dc_bf2eef1439d6,True
dc_4cf5e14e6a53,False
dc_613e1ba146fa,True
dc_8313dc48caac,True
dc_535d66b5f9b6,True
dc_d983542baf94,True
dc_2d29a4e427b4,True
dc_f379e2e3f368,True
dc_191efb7ea726,True
dc_69bfcdca0d0e,True
dc_215a200532dc,True
dc_526d50fec2b4,True
dc_9b54779dc33d,False
dc_ac648486d8b7,True
dc_f5a70ed2b195,True
dc_475764483f9f,False
dc_5b707782623f,False
dc_bbebb5bd9416,False
dc_5e9834409f88,False
dc_044a443dd7e2,False
dc_16b0103c1ecb,True
dc_f800adc8ba21,True
dc_dad53bb36c30,True
dc_a3ed205f0651,True
dc_f88ba23a982f,False
dc_29fd6bdf13b7,False
dc_5a2443390108,False
dc_5f4d636f1ee7,False
dc_45390bd84c06,False
dc_72321c59e96b,False
dc_5da707de5ff8,False
dc_2f34cf65f086,False
dc_cb36d1bfe77c,False
dc_c7c753ce6dca,False
dc_5af66ce7d4ef,True
dc_89ac9b873c30,False
dc_6d4376c7e8a2,False
dc_7f252a87585c,False
dc_e6229de1ac08,False
dc_07743f0f8a70,False
dc_774234c34888,True
dc_1e8ff92390a0,True
dc_cd16309c74e0,False
dc_de20ecdcfb85,False
dc_d4f155a2b9d4,False
dc_1d02d6941bfd,False
dc_835c8b136700,False
dc_5ce1bef66bfd,False
dc_e1ec41460f16,False
dc_3c54f97d781a,False
dc_7c4e0d045a9c,True
dc_5cc1bdab179a,False
dc_ae9448694997,False
dc_824340142f56,False
dc_37ffc1fb3121,False
dc_3e47ba6ea7d4,False
dc_5f6777919547,False
dc_69b15e769d4a,False
dc_4ad26dcfcc07,True
dc_31e1262f634a,True
dc_b5ee50bca064,True
dc_36b4acad16e5,True
dc_a3e6b266b930,True
dc_c738a087d2cb,False
dc_8eb7845dad34,True
dc_913e6e43e473,True
dc_9f5bae7df94d,False
dc_1dd477f34bc5,False
dc_33704ffbd31e,False
dc_221b5b4e4cbe,True
dc_cb7067a8f749,False
dc_c78cab6d2736,False
dc_f3f12ded37f2,True
dc_114c47a01e77,False
dc_be1a71831407,False
dc_6e1ef83981b4,False
dc_7cf9062a50bd,False
dc_dad966852eb4,True
dc_104426d2e73e,True
dc_781f2b85da3d,False
dc_7daf03548fa7,False
dc_0418bc301d33,False
dc_6875118f0a7f,False
dc_13bf0cfc3848,True
dc_5c8f14e5f3fc,True
dc_2418d90f9371,False
dc_3c5de49118a8,True
dc_f5f99e41c7eb,False
dc_69a7a940e136,False
dc_6eb02d929ac3,False
dc_e7490836256a,False
dc_bd7ec689a7b2,False
dc_b79d42c9a3ab,False
dc_a6e1f2ad575b,False
dc_b98d99d8249f,False
dc_d185c3f308a0,False
dc_55447331648c,False
dc_eb8ab216ce0f,False
dc_ccf5e5778bb2,False
dc_26b206933be4,False
dc_003ce6cf7b7b,False
dc_a2483b687fe0,False
dc_6227bf84afd6,False
dc_e4341c36e064,True
dc_713ae9ff9f61,False
dc_2a818be79374,False
dc_8b5c9190f762,True
dc_c3cd81b92a8d,True
dc_ee2be26aa83a,False
dc_0e8ad449fd73,True
dc_95f1c2f09a55,True
dc_4099bfe11e86,False
dc_ecfbfcfe278f,True
dc_5218a11a35e9,False
dc_5aad22ea436a,True
dc_6029c6e6072f,False
dc_c01fb29e88f6,True
dc_b1c2cb55694d,True
dc_247030637655,False
dc_d485de36a4e3,False
dc_99fd51d91906,False
dc_9acc4e51969d,False
dc_68b508c5ceaf,False
dc_b588afe1a787,False
dc_9863a01aea38,False
dc_2901313c8c49,False
dc_f049b1fca45c,True
dc_86edd29795e4,False
dc_ece390bb620e,False
dc_9c10e28655f7,False
dc_bbb7c9a29c06,False
dc_38ee88266071,False
dc_33100f7e2542,False
dc_384a3561c678,False
dc_f138bbd8bc1d,False
dc_d7d8441ed5db,False
dc_fa46f751ca71,False
dc_feb977251d5e,False
dc_54b3ef0880ca,False
dc_efab6ab952e9,True
dc_dac6ac36fb92,False
dc_8e4b8eb39168,False
dc_3a2713412dbf,False
dc_e33cbb7805bd,True
dc_3fee772ee31d,False
dc_bd0c4df6edc8,False
dc_7d9a53314d14,True
dc_8efe4675d0f1,True
dc_b365760cf1a8,False
dc_0f5514724b8f,True
dc_c7365e51dba0,True
dc_8e0b128bc5f7,False
dc_782851ca8777,True
dc_ef8be669f009,False
dc_f8b9e84e51e9,False
dc_387828197fcf,False
dc_a262f2e6c813,False
dc_2b3e01a68c80,False
dc_79ee14f34b57,False
dc_18348e8eb436,False
dc_679ff5ffd2c5,False
dc_e58443614b83,False
dc_fb93b96e8ed9,False
dc_90b6d7cbc168,False
dc_bf3a5359df1d,False
dc_38113ff13f32,False
dc_4ff73b39cdde,True
dc_3e5cc95a0f6d,True
dc_d850cf921795,True
dc_cb30a328369f,False
dc_a83a8d15a315,False
dc_efb9968b09e4,False
dc_4c87d97ffa9a,False
dc_abc1bc37e941,False
dc_5b5256c05523,False
dc_f40c26b1ceb4,False
dc_fd571f509631,False
dc_7015a8562d9d,False
dc_8b1409a7c09c,False
dc_1d517d9c43cf,False
dc_4595feafd7e2,False
dc_eac2b2368edf,False
dc_da9d1fb0b335,False
dc_45ec8b20e65d,False
dc_cc49cc794d73,False
dc_474021bfadb0,False
dc_0d2326038c4d,False
dc_381edb33d816,False
dc_9dd5566a71a7,False
dc_6ad7c23dd50f,False
dc_f907a6d7f787,False
dc_ba58e4ebbda3,False
dc_e1b88786f3b0,False
dc_54191d9d0f70,True
dc_202a2991c5a5,False
dc_eca142e41806,True
dc_7569fa9635bc,False
dc_ac067fc8caa1,False
dc_c7aa0c4fe9d5,False
dc_7259ff26155b,False
dc_65708f50b372,False
dc_5801df70eb41,False
dc_1419d45e56a4,False
dc_205214f38282,False
dc_2546bb57a1b3,False
dc_3c91f82abab9,False
dc_65462e0cdff1,False
dc_a6a8876c4b50,False
dc_5809c849162d,True
dc_3804fbe962f8,False
dc_daf3c5ec6554,False
dc_f94db4d64ace,False
dc_ee2dabe2d034,False
dc_634e7c426abd,True
dc_c83ebcd9777a,False
dc_5155a7762cb7,False
dc_84fb51e4e530,False
dc_d5bc37668c90,True
dc_e1ff79fe6a61,False
dc_3f21766275d1,False
dc_765868de3ac6,True
dc_60a8427538d7,True
dc_87fe0ed9bf1c,True
dc_1592f8a75bc6,True
dc_6cab86b4b98b,False
dc_0378cf1ad710,False
dc_b2f8b3f3db48,True
dc_12e6a6edf5fb,True
dc_24567abd6c58,True
dc_8d1887ea9099,True
dc_d097e7925fc8,True
dc_97685944d21e,True
dc_42fe8c21d049,True
dc_b18c7f03ee5a,True
dc_d19c07e250c3,False
dc_9b38c6590761,False
dc_de24883d5033,False
dc_178934ce0e29,False
dc_343ad9c70a6c,True
dc_cb548352378e,False
dc_6089ed0d5f26,False
dc_a452347faec2,False
dc_861ef818508f,True
dc_cc28d7536dbd,True
dc_a15321ccd7ac,True
dc_cb5e2d785f37,True
dc_d0390cf0ea12,True
dc_4cb7cf3af123,False
dc_dd03aab3ce8e,False
dc_606ad9c4165a,False
dc_23a57bb771d3,True
dc_a2905edeca9d,True
dc_a5c5c40f19a1,True
dc_5f370fd573c6,False
dc_5b7a9e3b7823,True
dc_3cef3c541b5d,True
dc_da72086b812a,True
dc_885116d1864f,True
dc_07598d7e4ad6,True
dc_99f8820a08a4,False
dc_d8d14da2c80f,True
dc_ee18f261d905,True
dc_d9771f2d7f9f,True
dc_d9c874755de8,False
dc_8655b82b45fe,False
dc_08f38c9b891d,True
dc_e956e70cd991,True
dc_bb73a0990371,True
dc_3c2574f581bf,True
dc_10de28f82ea3,False
dc_e4283b7046b1,True
dc_1d940d38b3eb,False
dc_1fe64519a772,True
dc_4ecbe50b2051,False
dc_db573af22b8c,False
dc_dfda7e9a1e03,True
dc_2183463f5e3a,True
dc_e5ff3c2dc17c,True
dc_8df36a0a09b5,True
dc_7cd73fdda023,True
dc_b04abdda0a7c,True
dc_c97738231c91,False
dc_ee6643a8eb7d,True
dc_3875880f621c,True
dc_d139d3d1026e,True
dc_3a8551ffe989,False
dc_4eff2c1f5e0f,True
dc_84eaf8742a3f,True
dc_0a74f3f6a21d,True
dc_d3cca9241046,False
dc_b9549d1a3e6c,True
dc_4dccde6d1dfb,True
dc_dbefe86a9d2c,True
dc_83ab1d091133,True
dc_ae3e7c1ac44d,True
dc_c9783b27622b,True
dc_4f768adc7131,True
dc_aabc1a713f0b,True
dc_697fb0253e39,True
dc_2e8f13854547,True
dc_a0c66ebeafd4,True
dc_9df53017280d,True
dc_4099d52bf841,True
dc_04ab62405005,True
dc_3b1559745c3a,True
dc_6d2fa97e9079,True
dc_39ca538ce865,True
dc_0e570fa9e1ff,True
dc_795295307718,True
dc_d120fdecb5fc,True
dc_8bf50b2ebca9,True
dc_64ee76a3c9a6,True
dc_23be1dc53fc6,True
dc_60ad9b8f15c0,True
dc_37739045bbd2,True
dc_06c982ebea67,True
dc_b5221ae8a695,True
dc_dc42b75a08e1,True
dc_f96046272fcb,True
dc_d80fbebeedc2,True
dc_e797a6f7ed88,True
dc_65815b1ef945,True
dc_ed04a1ecbe51,True
dc_fb37a9ca7ac1,True
dc_10efe220e9f8,True
dc_201440cfd9cd,True
dc_78a95ede9fd2,True
dc_7f37dc601968,True
dc_be3f35a6c8d6,True
dc_48a36602236c,True
dc_9641476d2168,False
dc_68ec06e28857,False
dc_abb2744b3a0e,True
dc_f3ae051ee57a,True
dc_5eaa6dda34c1,True
dc_cfd86dec39d0,True
dc_6408ea6661a1,True
dc_7afb9b268c71,True
dc_3511a00a4df6,True
dc_436d369c718f,False
dc_6537da35d0c5,True
dc_0710358899ef,False
dc_103846411abf,False
dc_2735a8cdb5c5,True
dc_433c57ca1a5b,True
dc_34f9f44aa908,True
dc_d365c72ea3b9,True
dc_c3af76581e21,True
dc_16409bb98d9c,True
dc_e99dc41af8d5,False
dc_10325eee14b2,False
dc_57b520c4877c,False
dc_ff85876636d4,True
dc_2baa37ae6f4f,False
dc_ddffff011e6b,False
dc_5e1d8fbc3e75,True
dc_5cb21e4f1f61,True
dc_89b2b8fe4327,True
dc_ffcac70d833e,True
dc_41b7b98857a3,True
dc_1b3a98a4d46b,True
dc_b8718fb1cf84,True
dc_e0cef7344f80,True
dc_ac781566b7d6,True
dc_6a57259367cd,False
dc_3a23c08ab006,True
dc_27b1c3e36589,True
dc_25c7e68064cd,True
dc_1a7218366cda,True
dc_fd9603176e38,True
dc_f4381f508e7b,False
dc_4397dcdb97c4,True
dc_c2f977e5b859,False
dc_dfc785a7c7de,False
dc_2d61a33ca46b,False
dc_362d590e4b24,True
dc_0889bebc1079,True
dc_f2375e9e8272,False
dc_84946db8ccde,True
dc_a28b6b533687,True
dc_2980260de3e5,True
dc_0ffde5e0d6a1,True
dc_8d43e8f81b7b,False
dc_71ee549f276d,True
dc_c9d94248f419,True
dc_3f486e9e678a,True
dc_fca78ca8bfb8,False
dc_aca4fdbc3f4a,True
dc_3bcbc5a11a48,True
dc_d79e66e14276,False
dc_5255a71086fb,False
dc_ff5f3d1e936c,False
dc_2a63d0b145ad,False
dc_204d8cf6c427,False
dc_d9001f9c6c9e,False
dc_44d6e3741482,True
dc_193e064bdc4b,True
dc_6f992d5b84cd,True
dc_2d220fd00df6,True
dc_37633208c606,True
dc_dc9cfe14a3c1,True
dc_ffef5b6cf155,True
dc_f11fcbc90179,False
dc_d418410619e1,True
dc_62d3d21ff61d,True
dc_4d5eb2ad3758,True
dc_86ad0acb41d8,True
dc_262cc9519516,True
dc_1397a4d8be12,True
dc_357eb5a927a6,True
dc_7c8e1e4ba3bf,True
dc_125f47540bac,False
dc_9448c3ccf011,False
dc_d8cbe6a83e85,False
dc_42b486a76993,False
dc_b96977f6c390,False
dc_42b099cfcbc7,False
dc_f962646a287f,False
dc_a0f70db62abb,False
dc_03eee2face55,False
dc_66477ccffb02,False
dc_2187c39b38fe,False
dc_e63c56f58572,False
dc_c15c28bd70c1,True
dc_8d9f4b8cf0b8,False
dc_b82bb79938c5,True
dc_a76f8d21216f,True
dc_4cfa0741336f,False
dc_739935478bcb,False
dc_7f5f90e935c4,False
dc_7f9a84f2ffad,True
dc_7db6a874da87,False
dc_9987086c405c,True
dc_2664bd7e8ca0,True
dc_6f74b8c1ecc5,False
dc_e985cd8a1feb,True
dc_640f760993bb,False
dc_a6e2e1513613,False
dc_d3c309846778,True
dc_f4bc8c66c017,True
dc_4c0328a22c39,False
dc_255488578f92,True
dc_8cbc3d5fc5e2,True
dc_dd43c1afe709,True
dc_cf3294ee628d,True
dc_e577fdae7a20,False
dc_58ca51de8887,False
dc_837045fc5729,True
dc_0924876c0c0b,True
dc_45101812ebde,False
dc_5ed930ed15c9,True
dc_21da59088359,True
dc_b3248b7dd787,True
dc_9d03f9d03002,False
dc_0ccbc7a90b2d,False
dc_4f0e6f5bde7c,False
dc_ba84f7107278,True
dc_1cb556e009e0,True
dc_a6deac218790,True
dc_61349568f7bb,True
dc_366bd093071c,True
dc_023d2663ae5d,False
dc_a8ddb88fae41,True
dc_f5142250b983,True
dc_4acc5a2218d7,False
dc_56db95055eaf,True
dc_7c8f0dd59535,True
dc_70319b137cc4,True
dc_5476035b6014,False
dc_f9e6c86b33a9,True
dc_3afce9f03886,True
dc_021211d2ad4e,True
dc_83f0a31399f3,True
dc_26679b49b723,False
dc_326516e596cc,False
dc_d8cbb9e4b58b,False
dc_555e7f99046e,False
dc_5559c4f443dd,True
dc_c600c3efed73,True
dc_85af46cfd088,False
dc_aea1cf806ec1,False
dc_82227ff3b01d,True
dc_c781be459e42,True
dc_4b4508a3fbf2,True
dc_33b0acb3fbfc,False
dc_d966ea3f8e06,True
dc_a8b860d92de2,True
dc_9aa547ca020f,False
dc_e2cb4bbef84e,True
dc_165b15e48a25,False
dc_7f43907e8979,True
dc_bb40d67d2a9d,False
dc_af4daeefc3e5,False
dc_961fc1bc0c89,True
dc_43484bcf3562,False
dc_158b610b5b1a,True
dc_7b42f550217b,False
dc_6be68fa9c112,False
dc_02fde467d5ca,False
dc_d637d15aba22,False
dc_42f487aa6732,False
dc_7668d76b7f88,False
dc_0ec1cdf95464,False
dc_06c6e7b867a1,False
dc_38efcce0825d,False
dc_895c21fc08cb,False
dc_7804a006dda2,False
dc_27736d0748c2,False
dc_0fe2a0efd4a5,False
dc_cd516cae2531,False
dc_180d30e8b4da,False
dc_2f27232ab9dd,True
dc_1a41b0f928bf,True
dc_06e384882ecc,True
dc_2b69bfa841ef,False
dc_374ef12de243,True
dc_48d6192ea411,False
dc_d8d34358af13,False
dc_43d1b8fa745f,False
dc_5e31a13f74b9,False
dc_cd7f2ff1bb19,False
dc_3e38f37da8cc,False
dc_b2841d717095,True
dc_bbc3c38a0286,True
dc_1daa73860d72,False
dc_9c6d4cad3022,True
dc_b88a0de9a6f9,True
dc_7019d4a4257b,True
dc_c48845706377,True
dc_624a20da991b,False
dc_8e1d55e66e4c,True
dc_e007921e0e2a,True
dc_be6fbb486171,True
dc_f08ca5bf1c62,True
dc_89729ff0b85d,True
dc_dfd792c8e17d,True
dc_d4b6d917cc3b,True
dc_ce1390890e70,True
dc_d20b0b46a331,True
dc_e5a14b588180,True
dc_1290cd43e2a4,True
dc_96e798de1923,True
dc_73c1808d41a7,True
dc_a3ef9d3df723,True
dc_09787eeb77bc,True
dc_0f59160e4785,True
dc_74a74b023e2f,True
dc_6bab7da413ec,True
dc_28267cfc3b00,True
dc_fae6b5693fbe,True
dc_7fe16fd74581,False
dc_31eff1e33048,True
dc_8e7d1266b66c,False
dc_bb9e276ee8a3,False
dc_ec3ac5883e2e,False
dc_990f669f9ec2,False
dc_9b9f99566927,False
dc_080f1a37f4e4,False
dc_0888941918ee,False
dc_01fc94cf15b9,False
dc_fcd214823e30,True
dc_a1a5838a60ca,True
dc_93c731f0d49a,True
dc_dffc745c288e,True
dc_4522ee78b5e3,False
dc_08bc73ca6961,True
dc_d49059d0004a,True
dc_c5abef17961c,True
dc_a9ba7c984e27,True
dc_8369073e1b95,True
dc_c07d6b78aa3d,True
dc_8fb393ce5cb8,True
dc_c23d657f1be3,True
dc_5f6e752e8332,False
dc_c6bcbe1b8a1f,False
dc_059baa53ed1a,False
dc_8a72989b8621,False
dc_f0164b700441,True
dc_1621122fb560,True
dc_938aec8e77ee,False
dc_6b99d502d133,False
dc_07793c6ceca0,False
dc_f905447e5849,True
dc_3fabf9be3929,False
dc_c7e6eda1a3c3,False
dc_fe38ae01b067,False
dc_b89ba8f2218f,False
dc_37e6baf63753,False
dc_25afe0ab10d4,False
dc_e5c5994d451d,False
dc_97311ae7d1ad,True
dc_b016da3f5d99,True
dc_fb65457c05e8,False
dc_a4c02ff1ab9a,False
dc_39a8cb17ab9f,False
dc_49e9f7db52dc,False
dc_e398f3978d57,False
dc_a1d2bf1489bd,False
dc_c9e0167855d2,True
dc_8d25991bfa8d,False
dc_7a668eda7453,False
dc_d74048d15a6b,False
dc_517844b7b7df,False
dc_d0177d80704c,False
dc_21bf956aedf2,False
dc_004d4bd391b5,False
dc_36a3c1c1f362,False
dc_2fbb14b41636,True
dc_c312286353c3,True
dc_c3798aab7f27,True
dc_f6ebe4e52512,False
dc_690df06e6539,False
dc_6303da2ff06f,True
dc_916641fe1369,True
dc_7910da66ad06,True
dc_b15a9ac2dbba,False
dc_6908e0a4116d,False
dc_a8ea97c0d02a,True
dc_971c8fad8ba8,False
dc_9499ddcbe5f4,False
dc_4c5da4f27c7f,True
dc_90a6848e7223,True
dc_93a4507ebb34,False
dc_c3e3abbeb801,True
dc_2c47a18367ee,True
dc_f394a25ba7ff,False
dc_131e675b00b7,True
dc_ff3aba8fa11d,True
dc_50f300dbed19,False
dc_6f3dc8f369c9,False
dc_afc2c4cb9950,True
dc_86ba61e0a58f,False
dc_c5af5e7b67f8,True
dc_5ec81740ac02,True
dc_6396a9188b64,False
dc_c875f8a125cb,False
dc_53100ad6729e,False
dc_3fbc71924de1,False
dc_073b5a543445,False
dc_a53b0f3f5d96,False
dc_81873e5cdfa0,False
dc_cb4c961a9958,True
dc_fb27816330e8,False
dc_e95c9536a835,False
dc_1ef21e9efb64,False
dc_dcfd9a467a8b,False
dc_802db22e67f1,False
dc_6324e54cb1f3,True
dc_65dbd76e7604,True
dc_6f6d4e070042,True
dc_e569435cdfa4,True
dc_ac08463eb4ec,True
dc_ddc8ce7e149c,True
dc_89f803745a9e,True
dc_663e3aabdd3a,True
dc_2f2fa36dd479,True
dc_c7388ffdcf0a,True
dc_2488b59ec2e1,True
dc_a3670fa43098,True
dc_a610d284990f,True
dc_71df8167e3fe,True
dc_14a17660785d,False
dc_b5e19f1a3ea5,False
dc_7bec7a33a3ec,False
dc_6a37107362a1,False
dc_ab141916e295,False
dc_833370eeca59,False
dc_1f6063348ac4,False
dc_cd26fe372499,False
dc_4e931334ea09,False
dc_88e2629c4bed,True
dc_3253db789188,True
dc_ad74ffb219ab,False
dc_f152760b1463,False
dc_e1a3bd223170,False
dc_75378fd737b2,False
dc_daf88193f8d2,False
dc_b492591b9a2d,False
dc_e0c1cc3cf46a,False
dc_2e3dadc752a4,False
dc_bb7e64ba6a05,False
dc_a61f211e8fc1,True
dc_fbb53be5b475,True
dc_1d8cca75d953,False
dc_58616fe2297e,False
dc_ed8005520bf5,True
dc_3383905d0028,True
dc_1633b238c629,True
dc_033df59021e1,True
dc_55529f8314f5,False
dc_c7daef7be339,True
dc_26db4d08cc6d,True
dc_6a78d9936b54,True
dc_64a01d02406b,True
dc_5fef38fd6a16,False
dc_e6c4c8934f01,True
dc_68edd4e8e2ac,False
dc_9d948b20f397,False
dc_23e2d561cf0c,True
dc_190020b3e447,True
dc_83a22ad07c8d,False
dc_aeb91bfc3b8f,True
dc_7c6fefec1f6e,True
dc_853509ea17b3,True
dc_53e829a00936,True
dc_83b36b26af37,True
dc_2146da00a164,False
dc_7da4291ec019,False
dc_82571b787ee6,False
dc_db8f9132c159,False
dc_4dcce2e3f5c2,True
dc_dd893891f25e,False
dc_86ea4c3bc7df,True
dc_31ed378ec23d,True
dc_337852dc4642,False
dc_ccd80465a580,False
dc_e4b9d11fc296,False
dc_5a2516f556b3,False
dc_a55b0ad0ecd4,False
dc_a88013721ba7,False
dc_97a8471652c2,True
dc_0b2f7896c0d0,True
dc_dd9631825e6b,True
dc_ee2c4724265a,True
dc_5410c3966313,True
dc_95ab7384a93f,False
dc_7aae4d4abf47,False
dc_50b6ee35fe1a,False
dc_ca70c0deb389,False
dc_6c109172a8d5,True
dc_66e8fa6175af,False
dc_00764728680d,True
dc_ae8edb4e2092,False
dc_68e03ee6464c,False
dc_5c2ab3d16b4e,True
dc_95c9a70f2492,False
dc_e797c79230f0,False
dc_c27350073d52,False
dc_815a4077d7c3,True
dc_a4a29a509851,False
dc_ac30ac8e4a4e,True
dc_68d97fc661d5,False
dc_69c4af3b8176,False
dc_b4dfc8453b28,False
dc_ddf0f305ef19,False
dc_5721d1182d99,True
dc_1e995f203458,True
dc_0e9430d2bb67,True
dc_5374f5d1551e,False
dc_c81618121941,True
dc_8af4ea407ec3,False
dc_586f965d0e34,False
dc_fbdab8d6b048,True
dc_d6dfe2b4b690,True
dc_497196a639d6,True
dc_40afc33af359,True
dc_4dbe408255c8,False
dc_ddc20b8cfb33,False
dc_70ea5deecfdb,True
dc_8a38216b0122,True
dc_7a05f73ca77d,True
dc_3892ecf526a3,True
dc_82ff6a5c5a0d,True
dc_be110fe76f32,True
dc_b493d7002b92,True
dc_a3de0719d6f7,True
dc_944ea7a6b67d,True
dc_f9a1698669ea,True
dc_1a16f88c10dd,False
dc_f5d875508817,True
dc_a40a7a61f53f,True
dc_d9ae28f8917b,False
dc_9c33e7edb393,False
dc_0dcf4693d966,True
dc_52dd223d9f13,True
dc_893226092cbf,True
dc_9f86a9be9cdb,False
dc_cec54ea43a46,False
dc_ed5526cb2443,False
dc_83e8ea7d14a0,False
dc_a320d760368f,False
dc_9f03a5bdb15d,False
dc_d12fd41fa0cc,False
dc_b13d123c2fa9,False
dc_f7b7979f9b54,False
dc_f9e787337659,False
dc_e3094350f227,False
dc_a2bac79b8856,False
dc_1fea4ccdacb1,False
dc_1569e6fccb74,False
dc_d4eba7bb95c9,False
dc_1da0c5d7a144,False
dc_2c9c352d5cb0,False
dc_a886b4d06283,False
dc_232553a6ff95,False
dc_5bfc1aecb5cf,False
dc_0549b113a011,False
dc_51a81e12c581,False
dc_7048b76fe40b,False
dc_8a06b58c62ce,False
dc_647ebabf6c68,False
dc_6f3b49e3d03a,False
dc_57e09c860fe5,False
dc_d6ad1ac37897,False
dc_3e1e075b64ea,False
dc_a6b4531def62,False
dc_8ee44a03b9d6,True
dc_9ecc3ad99ee0,True
dc_c71975653c6c,False
dc_b630100d026f,True
dc_b90db17c93d0,True
dc_be781da0ac27,False
dc_b5dbae714a3e,True
dc_86334a11f204,False
dc_baa87d4e6e61,True
dc_3706cdb29bf1,False
dc_165fe373f4a4,True
dc_c5410ccfaab6,False
dc_a732fbbc8530,True
dc_5acd35df9012,True
dc_9b36c38fcc40,True
dc_664c5d805196,True
dc_94fb239dbf78,True
dc_b7fb6104e55f,True
dc_ba3321bb1d05,True
dc_b2ab8aee8632,True
dc_2c733095b6bd,True
dc_1e15142da89c,True
dc_51c0ad902c40,True
dc_363733e77dcd,False
dc_673b340833e9,False
dc_b8c6e0dbdf86,False
dc_e192ad80593e,False
dc_b926ad69f0b0,False
dc_47d937b135c2,False
dc_1ba158ee3c5f,True
dc_ea8cf986c503,True
dc_c5961d5d88a0,False
dc_b272dd406678,True
dc_6450f5a2d7fb,True
dc_0725a2d5f792,True
dc_a0ba79ee7b3b,True
dc_dae84e0a643c,True
dc_cebfa79ec447,False
dc_4ccb2c1d6e95,True
dc_b1a8f1928f7c,False
dc_4e2bc52efbde,False
dc_74567a4bd1f1,False
dc_e06c46dabeb5,True
dc_0c8314ec56c5,False
dc_5049ca57aab5,False
dc_85cad2201208,True
dc_80da332f0c37,False
dc_25e74ffcb872,False
dc_19d78aae92b7,False
dc_63db379fd314,True
dc_e4340826cfb0,True
dc_5c2f48f1f831,True
dc_0ea9fc7adeb0,True
dc_603a01fbe6f3,True
dc_7517a65ae363,True
dc_64536bf4ec69,False
dc_23e3d9344ea5,True
dc_02eebfd81a53,False
dc_27fa53a57833,False
dc_7dc677ea1823,False
dc_f9ad1aa121d1,False
dc_f0527c78fab7,False
dc_7fe57b05a442,False
dc_bd177f82d3dd,False
dc_d76a427d377e,True
dc_551d1055ddc3,False
dc_f7e77aebe39c,False
dc_7aabaf75c3ad,False
dc_3d42335bad72,False
dc_94004336071b,False
dc_72f573fd7650,True
dc_02b8cb392dd2,True
dc_485eed312522,False
dc_10fa54833aa4,True
dc_7829f587ad00,False
dc_2a56d8b8fa00,False
dc_ec0baf9bd582,True
dc_abd7ac10d990,False
dc_329262a4db4d,False
dc_d8f1873aaf3c,False
dc_11f8cf85f74c,False
dc_18dc72c9dac5,False
dc_eee0a9900e19,False
dc_d647f52dca93,True
dc_d66268183bda,False
dc_b6fbffa58ede,False
dc_8570f2737bd4,True
dc_a16fdadb09e8,True
dc_ce7c1d42d89e,True
dc_2a18edd9d2aa,False
dc_2a23ca86f39a,True
dc_4bbf56c61529,True
dc_adfa37d6eb75,True
dc_5c188ee0a08e,True
dc_82c838320fc4,True
dc_6b0fbb988249,False
dc_d022a0bae9de,False
dc_5077380c4e9c,True
dc_5655c21db942,False
dc_af3b818f5474,True
dc_3b086a495bdc,True
dc_91374edadfb6,False
dc_2e0d7065c5b2,True
dc_90a5aa0e6a9f,False
dc_b90668346127,True
dc_f8de9711b6d9,True
dc_c5b50e13b2ca,False
dc_865686fc232f,False
dc_2603730d0b62,False
dc_553e538d8ae8,False
dc_21b651e90066,False
dc_1ae3762b7463,False
dc_31978bedd946,False
dc_6cff6c8c0f96,False
dc_b013e69db6d4,False
dc_c7c6e35626c1,False
dc_61f104ef7e31,False
dc_a79d487eebc7,False
dc_1302d924a662,True
dc_667e78753bcc,True
dc_a3a8fb84180f,True
dc_a57a479290da,True
dc_ec0b9c36f643,True
dc_83495392fdac,False
dc_55079160dfd9,True
dc_e37781a3945e,True
dc_64c7a0c8382c,False
dc_8d2c754efaf1,True
dc_e744de60a17b,True
dc_ccc53908a275,False
dc_cfa299c09d66,False
dc_8ab8ca86bd41,True
dc_1c6b983e109a,False
dc_5454e38d3adb,True
dc_1040e7bc3ee5,True
dc_88909d588f3f,True
dc_0f239b20a7ba,True
dc_69730b99b070,True
dc_56b1c9faf7e3,True
dc_3678db5e848c,False
dc_3d1532ca066a,False
dc_2718db0e3e25,True
dc_2e566d6574eb,True
dc_c958657a0348,False
dc_acacfb9245c6,True
dc_2c7c11ab382b,True
dc_e3304d66630f,True
dc_04ef3d9451a0,True
dc_8e8dd43b1c7e,True
dc_88f0f2bd808e,True
dc_08280b0c240d,True
dc_9e16cf902bb8,True
dc_9b2065354392,False
dc_1bb1bc07eea0,True
dc_3e79fab29b39,False
dc_c231fc51e3eb,False
dc_298d8384169d,True
dc_740a1ee8d789,True
dc_a525f7501d71,False
dc_a94598173ea8,False
dc_e8c73d76dcdd,False
dc_cf02216bd8e1,True
dc_f6fb22a146c3,True
dc_020b4e91299a,False
dc_ca6a6b6b42c4,False
dc_518cb525fd88,False
dc_d334913cb26e,True
dc_ec064dc4d572,False
dc_c04730ac0683,False
dc_2b2238a314f7,True
dc_144eb7f40153,True
dc_fde7fcc462d1,True
dc_789e4943512c,True
dc_74be05054a07,False
dc_936035203d1f,False
dc_58f71a0cfadd,False
dc_02d1d5411388,True
dc_72e0b2b6bdf4,False
dc_bc98d15f165a,False
dc_79dfa0f520ee,False
dc_9cbf0a55e19a,False
dc_880a171377bb,True
dc_ef12919892c5,False
dc_ab2a3e5edefd,False
dc_b15cee237812,False
dc_98b518cb96d4,True
dc_a6d9638415be,True
dc_63477d7fddc5,True
dc_4b7a393d65ed,True
dc_de01c95e56de,True
dc_ecf9c3a425ee,True
dc_a6f917b12861,True
dc_238636144790,True
dc_67636ae84300,True
dc_2ce078333a5c,False
dc_23dd70e27fd3,False
dc_2cc523155665,False
dc_aa437d7ed6c9,False
dc_945543dfe7d9,False
dc_56aaea9dd837,False
dc_831ce16615b7,False
dc_e43a3cf43272,False
dc_3525b583d0e6,False
dc_ae738dd582dd,False
dc_d9f6b1c94072,False
dc_eba87b29546a,False
dc_6d22761134df,False
dc_4d6a0bcae658,True
dc_733aea2e5795,False
dc_62a40204a545,True
dc_95ac86b8be5c,False
dc_dd62b4cfd23c,False
dc_cbea6272623c,True
dc_23d4f87a5267,True
dc_6c8911ef04ae,True
dc_ff894257d489,False
dc_79d66f4fbbef,True
dc_9bae8815eb40,True
dc_12ee8967fb3b,True
dc_afab297ce101,True
dc_f9b2b8a754f1,True
dc_50c707acf444,True
dc_75d783969484,False
dc_fe7cb3e8830f,True
dc_fd519f588a3b,True
dc_b7f05da064df,True
dc_c2b297bd8c6e,False
dc_a110d272ec8d,False
dc_506cd0de8c4c,True
dc_93d82a58a852,False
dc_fc171f02d21c,False
dc_7d05eaf4ac3e,True
dc_445dff13f0cb,False
dc_ece45f669ead,True
dc_a8a368db33bb,False
dc_0bc4b8b71abf,False
dc_61d80369f0b7,False
dc_e6bbbb28df9c,False
dc_fa02eedb0951,False
dc_fd81772613cf,True
dc_145f8eb38f08,False
dc_8220a2e039af,True
dc_73dc9624ff3e,True
dc_f9657e3a222d,True
dc_21b4adeddde5,False
dc_b5563d708045,True
dc_5682de2fcd5d,True
dc_5221dcc60ba1,True
dc_905ee378fa5e,True
dc_60550a4f2094,False
dc_955dd0d1f4c4,False
dc_178e214f0af3,True
dc_999534d8e27f,True
dc_9979cc01880f,False
dc_e0148a6d7cfe,True
dc_267ac84b2d36,False
dc_64078778e699,True
dc_c0c1e9788a37,True
dc_4f3fb90492d6,True
dc_06cf1c89d97f,True
dc_7dc82ae0dd2a,True
dc_0bca91742046,True
dc_b42253a6f4e0,True
dc_c5239980dbb9,True
dc_3ae192f6e1fc,True
dc_cdbcaaff9db4,True
dc_a89104d1dea0,True
dc_543c04d60b95,True
dc_562f41628d8f,True
dc_855db3db7730,True
dc_20ffe88937a6,True
dc_0895931a44dc,True
dc_91489ab87680,True
dc_144cef939b14,True
dc_9c4211d3ccea,True
dc_f1fa89442e45,True
dc_cc8fe699ab97,True
dc_e750446c0bc0,True
dc_132750142234,True
dc_e3402b9266d8,False
dc_409183797c0d,True
dc_becc405617af,False
dc_5040856febf7,False
dc_becfb5c153fe,False
dc_5cda8a3851c2,True
dc_b12f43ed44be,True
dc_3223faf8d9ac,True
dc_27ae5eaebba0,True
dc_59773501dcdd,True
dc_3feab9bb27ef,True
dc_77d6c520b74a,True
dc_03a055ec8a9d,True
dc_9dd5204cf104,True
dc_0e8f573507fc,True
dc_037586104f46,True
dc_6fa7f8a2244a,True
dc_c160bcff218a,True
dc_0a9668a7af4c,True
dc_c0dc6dafc51e,True
dc_63d292808da8,True
dc_2f5dcb1f11e8,True
dc_a7acec8d7af4,True
dc_22d8db7b360c,False
dc_22b86260251c,True
dc_f66893ce1d98,True
dc_caccd08596b9,True
dc_692764cc56b5,True
dc_bf02966eb419,False
dc_4126490726b2,True
dc_9edcf95c820e,True
dc_4ad3f9c6b136,True
dc_7d5258421dfa,True
dc_ab342699d6b9,True
dc_39ff79a5b283,True
dc_a9fcf2df567d,True
dc_2b8c784a19e7,True
dc_381df857e073,True
dc_66cc54598f3e,True
dc_a07b002af4ce,True
dc_5df588dae044,False
dc_a9eeb2ecdcc1,False
dc_079b9dd52c7e,False
dc_c91b689569e2,True
dc_14899623a0b1,True
dc_cb6d24a8690a,False
dc_2e5749b84fc8,True
dc_1459b4e7eef5,False
dc_fed86730d8eb,True
dc_ee9c5e566c3c,False
dc_e529dbcff544,False
dc_6480c6df7d40,True
dc_631b3757e900,True
dc_4b4602a89a86,True
dc_627ff60a8500,True
dc_ad044f529f5f,True
dc_52be2b848b4f,True
dc_dd96fac8908c,True
dc_54fd156f6e89,True
dc_e2f0d5b0e152,True
dc_1ecd2bc35dc3,True
dc_9c4395da1472,True
dc_5d6a143d4026,True
dc_af553fcece3c,True
dc_94b7312e4711,True
dc_c161f3e80fbd,True
dc_20809b86822e,True
dc_3aebc3edbd4d,True
dc_82835681bfc0,True
dc_cab7dc076637,True
dc_02182668c9f0,False
dc_b2d8b1a270c4,True
dc_070bebed08d4,True
dc_864cf68f769a,True
dc_e579a4187175,True
dc_1582bf9a4bfb,True
dc_3ad585b77fab,True
dc_ddd97248cc7e,True
dc_347878620932,True
dc_194539a143f0,True
dc_ad43d4cf1b08,True
dc_3b40bd0e28a9,True
dc_202e0cae629a,True
dc_3bb6faa489b4,False
dc_060cddee4ce7,True
dc_3f9dc02dbec2,True
dc_67de210cb17a,True
dc_9f26b8e594c9,True
dc_e3eea2ec5e00,False
dc_2143f8b4a2a6,False
dc_f22eaad28efd,False
dc_254519e1eeb7,False
dc_1e07f06c96b1,True
dc_84ad60eb1b07,False
dc_9e9c29814c16,True
dc_4d97600c0104,False
dc_3c8e7ae84da8,False
dc_585b130bbc37,True
dc_a01ca4642c9f,False
dc_7c600bd05cc6,False
dc_62fa7efb5bab,False
dc_82b88a5440d2,False
dc_f7c3855e08a9,True
dc_9b95847ef56f,False
dc_4bfdea1a9bd2,True
dc_0882af2abe6a,True
dc_cffe36ef20e3,True
dc_ca4ce1d1a929,False
dc_c123c483cf92,True
dc_eff2b6ea88b4,True
dc_00a02e9b7cf8,True
dc_82df444c36ba,True
dc_dce4e16c83f1,True
dc_13a37eb7f85b,True
dc_db0f207e9b74,True
dc_da694d866879,False
dc_a013916a228d,True
dc_528e1ba31c73,False
dc_fa32d5b574b6,True
dc_1e39597e7669,True
dc_5057b853b06b,True
dc_03c1a9199b8c,True
dc_5b48930dcb41,True
dc_f8e77a5485b8,True
dc_a84467e0fe1e,True
dc_7260fa89b9b2,True
dc_a8482afc8543,True
dc_72d8cb06afd7,True
dc_ba3a04b0acb7,True
dc_3836361e4e37,True
dc_2338d12e367c,False
dc_aefac21a1874,True
dc_1dd5890ebb6b,False
dc_404bbc86384a,False
dc_9c834cc92f25,False
dc_bdd81f74b166,False
dc_3a4bdb026ecc,False
dc_6704477657fe,True
dc_c11c998fe76e,False
dc_5275a77e506f,False
dc_0499ba5ee08a,False
dc_94adf4e278f3,False
dc_804db6bb2305,False
dc_951ab6bcefa0,False
dc_d6b57c7d2f07,False
dc_2046ccb217ea,False
dc_97a9a746d058,True
dc_5fc5932e2fa1,False
dc_b3c53f7424cf,True
dc_b0bc13ad8190,False
dc_ffd9669a659e,True
dc_5a3cb29dc9a8,False
dc_07b3382b03ec,True
dc_6fac010572d0,True
dc_57ccaad02d2e,True
dc_34f0b7f21dd7,True
dc_aaaa51bde60b,False
dc_1aa9d4da8c08,True
dc_4b2fdcc8f1c8,True
dc_3dc0908f81e0,False
dc_3531ad1a510c,True
dc_c4e49d4ab25f,True
dc_f5141a487f0e,False
dc_d44ec64700fa,False
dc_e022cb5d327b,False
dc_1390c65c85f0,False
dc_a58e2ed3ead5,True
dc_9996d2a0e21d,True
dc_f90876e9d8ae,True
dc_2d3d06e9ea7a,False
dc_ddb7e68d3679,False
dc_47dd6e6f269c,True
dc_32982197477b,True
dc_806246663f94,True
dc_630579405647,True
dc_83e9572d0746,True
dc_ac3f561a257b,True
dc_09baa6be34aa,True
dc_bfc0dc91e53d,True
dc_238000347c5c,True
dc_b42e1143db3d,True
dc_3fa98b8aaba6,True
dc_31eac5a9a731,False
dc_baa41125feea,True
dc_4f0f453ed023,False
dc_5ae368e148c6,False
dc_1950c37b6b09,True
dc_e694b11642aa,True
dc_50f553e0c62c,True
dc_c192d1a8a58f,True
dc_cee882b53bd3,False
dc_83ffc6452bd2,False
dc_537f282facb3,False
dc_4465586fa278,True
dc_e17d7e79bbea,True
dc_8139e532c3de,True
dc_825c795eeabf,True
dc_56d92a649558,True
dc_e521fcdace02,True
dc_5447998cc8d7,True
dc_e9ba7c30d146,True
dc_e7e879fe0f05,True
dc_e8d31e068a27,True
dc_2b393a3841c5,False
dc_c46ca6c89e13,False
dc_cb943ec8c29b,False
dc_48932a950563,False
dc_ac4ba4acc418,True
dc_c34856e581f7,True
dc_5cdbfb9dbc3c,True
dc_ef06ca20995a,True
dc_b4cb8f3be956,False
dc_b853c136e629,False
dc_e81430ad9e71,False
dc_e40e30b5f07d,False
dc_6941afa4ec15,True
dc_1f5c6ef67d69,True
dc_6b2ef030c33c,True
dc_ffd700f6d2ef,True
dc_5a561854a759,True
dc_583b75cdc1d2,False
dc_1c34e69b8d80,False
dc_81bf17999a6f,True
dc_14483ad203a0,True
dc_924c700670ac,True
dc_09dea9d939e5,False
dc_cc078a791020,False
dc_b86253ab50d7,False
dc_ada9efdb9033,False
dc_c4bceff97da5,True
dc_aaeb2a6d5fa0,False
dc_da9fd4387a5d,True
dc_c9d4281c0249,True
dc_dca5ba467cc7,False
dc_e7b041f66911,True
dc_dc8fb9b88484,True
dc_94c07a192a70,True
dc_230712d60e56,True
dc_b54674e4a1dd,True
dc_9d8cf5da6d03,True
dc_bb5ca6fb7836,False
dc_79d256a5f79f,True
dc_3f21446be601,True
dc_d6b549083307,True
dc_8ce3e4ffe880,True
dc_3b978cea1326,True
dc_faf2065fd962,False
dc_01f9f53c2eac,True
dc_363c889003c4,True
dc_45aede10d770,True
dc_c73e00e9ed81,True
dc_ac85fb243e38,True
dc_541552635281,True
dc_d1cc4e423ca1,False
dc_0c28c42b4cce,False
dc_50d4b0564dea,False
dc_623234ef1b41,True
dc_2d3e640cf930,True
dc_d4812e5e6145,True
dc_e4369ccb8810,False
dc_4c8f72b408e3,False
dc_6c4275f57202,False
dc_6d10a61e19f2,False
dc_572b91bb7df5,True
dc_c076f88bdf99,False
dc_a29f6258e847,False
dc_df6acb943b72,True
dc_5f2a61722af9,False
dc_ce8075567251,False
dc_c31443bd7e5d,True
dc_b0e5e2338d19,True
dc_7085de572f71,True
dc_0ae77cd8da7f,True
dc_347a9c97b46e,True
dc_0be7ca6fbfc0,True
dc_141a6d343f13,True
dc_97babf80923b,False
dc_88ac7ff70b25,True
dc_e3d250e7b140,False
dc_baa85d8160d3,False
dc_d493afe55f15,True
dc_fcf51a120a52,False
dc_e5cafa592f46,False
dc_bac0d40c168b,True
dc_d53cb59c41ed,False
dc_c4344c114a1e,False
dc_3a1b184b17f4,False
dc_4d8a5f0cb9bc,False
dc_10d0eb56510d,False
dc_cb35267e5332,False
dc_50cfa203d920,False
dc_c7c5fc8a1267,True
dc_b38461998b03,True
dc_92574408e089,False
dc_0d852c0bbe7c,True
dc_110a4aba51b3,True
dc_ee959c9118c2,True
dc_02ca9e4d5343,False
dc_2f2def1e8828,True
dc_e0c9ea4740c6,True
dc_dfc666f9c4cb,True
dc_d1ab1505b7c8,True
dc_7d1001e2c4ce,True
dc_3cee381ca6c0,True
dc_e8a35c14d2f4,True
dc_1624f2fc727a,False
dc_0a48e11e6871,True
dc_40e30e32f22b,False
dc_a5676724cc7b,False
dc_8af951b34bae,True
dc_c878c41c84a1,False
dc_b17651764b5b,True
dc_54e21ce1cea4,True
dc_b80ac4ec6ffb,True
dc_c1dd5309d7d9,True
dc_704355a73b47,False
dc_e810f98f642f,True
dc_45a9d34cb56f,True
dc_3341e1570713,True
dc_62ad4ef31871,False
dc_5e45345b536d,False
dc_a97ad74f1324,False
dc_c4278b67d2a7,False
dc_1d3d51cfc269,False
dc_7265e2ab382c,False
dc_1a859cfbdcb4,True
dc_42e5e1f19e3b,False
dc_4360cc6ad80d,False
dc_62b148aaa408,True
dc_2c014e46bfd7,True
dc_95a460858bbe,True
dc_7ab474505334,True
dc_db838b27c2aa,True
dc_878c140caab9,True
dc_7afdfff73d8e,True
dc_b297a9da2ee8,False
dc_6146656d1013,True
dc_101d7e8f8cd1,True
dc_415ec14e7f88,True
dc_924bac73f757,True
dc_b1bab62f304f,True
dc_f37586d2198c,True
dc_c58e13acabfe,True
dc_52cd5868f517,True
dc_8a0744087416,True
dc_f1924a1f4658,True
dc_e69a4d117f8d,True
dc_f9b72dde45d8,False
dc_d62273c68978,True
dc_828f6330155e,True
dc_183f43223ec1,False
dc_4ca5071fffcd,False
dc_668ad699c3a5,True
dc_8f0aa85ad64d,True
dc_0effc7beed6d,True
dc_a288f31a82ee,False
dc_9ddbd01cdc30,False
dc_c89bb09da654,False
dc_af33dfbf5532,True
dc_d0069abf7d58,True
dc_47cb11fb436c,True
dc_f011d85ef1f9,True
dc_0d1d0eeeddb7,True
dc_048121696554,False
dc_7f2eb6b38fbd,True
dc_ed91aed5b37e,True
dc_478c687740da,False
dc_db49eaafdae8,True
dc_dd23e424efc1,True
dc_4f4a0b432dc9,True
dc_abb797b53b98,True
dc_65aed79b4274,True
dc_4b83d9872e2e,False
dc_9853927b6203,True
dc_89fdbc2bf070,False
dc_8e771aedabc9,False
dc_a565678c206d,False
dc_80aeb614dd61,False
dc_2f483ca1c248,False
dc_d02a64f6db73,False
dc_9f6f0a48ddbb,True
dc_3602336d3d9e,True
dc_bfa1717c079a,False
dc_e11210b1487c,False
dc_33991d604090,False
dc_3f57a6a92dfe,False
dc_06bbdd2a31eb,False
dc_a1f012a7d971,False
dc_1963a1dab74f,True
dc_295bde3d8f29,False
dc_cc1a5c76c102,False
dc_2c541c5c30d6,False
dc_b1c8c36b01b9,False
dc_a20930b79289,True
dc_7c029fb06937,False
dc_f568eee20c17,False
dc_1491711e475b,False
dc_4a8c1543df7d,False
dc_2d7b8c28a757,True
dc_fd11a1f44708,False
dc_81bdea6e864f,False
dc_caa1e331d330,True
dc_5453a4c127bb,True
dc_ca9d0ab87d83,False
dc_9a635f7f4c1f,True
dc_88c1a3921ea5,False
dc_a9771e1b4483,True
dc_e8eb1c059cb6,False
dc_613b9e440a52,True
dc_6ae6c7cea56c,True
dc_27080243001e,False
dc_e0a8ffe0675b,True
dc_672db836d74d,False
dc_85d3abd0eef7,False
dc_77bfb34f333b,True
dc_50e4626e32e8,False
dc_cda90edc406a,False
dc_caf0dd24a4a3,False
dc_e87f67f21f0c,False
dc_6ab52053e3ec,False
dc_5998861d7b2d,False
dc_6cd417b4303c,True
dc_307abcbb36ae,False
dc_6c5747e8ee21,False
dc_1afe434bec86,True
dc_770feb7b2cec,False
dc_5a60b2d9349b,True
dc_a24c2e20f526,True
dc_d066029539f1,True
dc_93add6dd1d1d,True
dc_03a4e256150f,True
dc_841c8754ed1b,True
dc_93e321876bc3,True
dc_0d21ead2053e,True
dc_dfcc7a22bf0c,True
dc_0440ca675a9b,True
dc_e0deb5a5797a,False
dc_fa3d9251f7ad,False
dc_1aaac235c2f7,False
dc_7fc2fd8eb460,True
dc_9efbddd27ce0,True
dc_e213d4585248,True
dc_2c01eccc6cb3,False
dc_7f4a4b98d21f,True
dc_0f72f668a2e1,False
dc_f5cff530e954,True
dc_7fde5e00e88d,True
dc_db551e60c8c7,True
dc_3f97f56200be,True
dc_4861bf2a2b63,True
dc_a8e6550e1c77,True
dc_3d8ba6265059,True
dc_a4bccfe660c3,True
dc_8c4c2067351e,True
dc_e815cc10857f,True
dc_fb7b3b72a5bc,True
dc_83a5ba62b6b4,True
dc_a544254c915e,True
dc_90940e7c3b70,False
dc_41636269afae,True
dc_57b30b036cf1,True
dc_90a6d53a922b,False
dc_64fcb38e770e,True
dc_22c92b609884,False
dc_6c962e9b59d5,True
dc_a4e4cd6244d3,True
dc_f68c00c4207e,True
dc_2565df2c93a6,True
dc_bf71e65b6afd,True
dc_41bc53d197ab,True
dc_6fa5cb317f61,True
dc_097651479686,True
dc_ed440e2ff94b,True
dc_98252a80dd0a,True
dc_87d4cffa460b,True
dc_f0251b9c4cc6,False
dc_76ee034b9cda,True
dc_939f4f8150c1,True
dc_af69a6e28ad1,True
dc_4c67f29cb099,False
dc_1b4424f5d12f,False
dc_42f11cbcfcbf,True
dc_ee22854729f6,True
dc_b882f44c45b0,False
dc_5201629a2721,False
dc_960d4026cc0b,False
dc_445b318d96ef,True
dc_cdfdfa748122,False
dc_5ee3b5325f08,True
dc_35337c131c2a,True
dc_8dc8a503fc76,True
dc_948284a799d6,True
dc_6186c857fc4f,True
dc_ae465e5fe76f,True
dc_ef8eba6bb65f,True
dc_4df3eadcb5ae,True
dc_3a88e754c921,False
dc_329f757102fc,False
dc_e3b416a1407f,True
dc_12edc16ab3f5,True
dc_9c866fe205ee,False
dc_3dc2a5cbe072,True
dc_4aca16af087d,False
dc_2705b2329455,True
dc_545444cd2c47,False
dc_3abd12c5de38,True
dc_2b8dfc559922,True
dc_fd766e3bc945,True
dc_20dbd0561061,True
dc_272219c4c331,True
dc_c8127fd45f74,True
dc_9d9fbdb41e19,True
dc_49e0d2491132,True
dc_6452cc5b0c97,True
dc_60f5bc675bc3,False
dc_7dd700f2302b,False
dc_3e26e88eb51b,True
dc_b3c70d75bf1a,False
dc_cbc49ed43b20,False
dc_d42b2dbe3bc5,False
dc_9c3dfd2fd93c,True
dc_ca7d33cf6c31,False
dc_64a34293fec1,True
dc_0140af52d0df,True
dc_a686ad9e9a88,False
dc_6d263b15b250,False
dc_cc1e6f846f5c,False
dc_b1fceb7d2ac8,True
dc_20728e9abe29,False
dc_32cda6fe8ad6,True
dc_86494a18d241,True
dc_8164f23d355e,True
dc_0ecb384a674e,True
dc_9f6881cb0524,False
dc_e5983c042068,False
dc_4c251ee10a95,False
dc_a2db55d0efea,False
dc_d1f55f9f8389,True
dc_6a2a35ba07d2,False
dc_faa6dba0bad0,False
dc_d6ee1c60c7cf,False
dc_bed5d7adeebd,False
dc_7d017b08a124,False
dc_b5e8b871ad80,True
dc_c38d391736df,False
dc_fdb3d62969dc,False
dc_ec7f3d892327,False
dc_b24968196134,True
dc_9ce7e28cd5d6,False
dc_7284cc251f4e,False
dc_8d1d5560f657,False
dc_f0eb87bf240c,False
dc_ce0c5992cc9b,False
dc_2847d8aab868,False
dc_443bffa57334,True
dc_471ff8a35a44,False
dc_f2547bb7a78e,True
dc_732615ae8393,True
dc_9bfe6733e707,False
dc_6bd093e936e7,True
dc_4f54bffb8d68,False
dc_13696f488c53,True
dc_3485d6a6a465,True
dc_0ab33847b79e,False
dc_d6d98ef855f4,False
dc_0ef64a43e0fb,True
dc_7dfcb0eb02f9,True
dc_178b28f5cd76,False
dc_c806773aba18,False
dc_e32fbe5604ea,False
dc_da711190ad53,True
dc_7c9ebf6e3c47,False
dc_49df3f3fad96,True
dc_46c732da4507,False
dc_8b4592f3e993,True
dc_270c6c0a4182,False
dc_a4961042eb4e,True
dc_474103050162,True
dc_5e87bc712d75,False
dc_584854729387,False
dc_16d1c4c70378,True
dc_3ca280f35beb,True
dc_c6a7708cb1fd,False
dc_e7e81b57c81b,False
dc_9a27ff212d93,False
dc_9d41992d9e6f,False
dc_f49fd2c20dca,True
dc_909716436a45,True
dc_b035b25ea4f6,True
dc_904d1fe660bd,True
dc_69e23360ffac,True
dc_3b664e26d6e9,True
dc_e54691f8993e,False
dc_aa188d117b03,False
dc_a6ee91f963a9,True
dc_0ca47c2bf6c5,False
dc_fb81ab777b05,False
dc_3f99881e922b,True
dc_c0e58b97b609,True
dc_cc2a38263c7a,True
dc_eef3ba94431e,True
dc_d1631b663c48,True
dc_d5e6794a2612,False
dc_3d82ec0fd7d6,True
dc_55f5c1098183,False
dc_4485a73fc1d8,True
dc_19f4861e9a91,True
dc_6f67b70fb02b,True
dc_b71e10f0b551,True
dc_65d48b7b2fd8,False
dc_7cf3203418c1,True
dc_52d8bce06fbc,True
dc_c2f10be9629e,True
dc_3dea0a669a7d,True
dc_81488b0d568f,True
dc_6fdf64f1f69a,True
dc_854a45524688,False
dc_f60ee055de0c,True
dc_25aa98305d4b,True
dc_f1a652f10359,True
dc_3ef211afc81f,True
dc_763d1075346e,False
dc_f52600c4827b,False
dc_f9dd91d3b5f8,False
dc_1d1ff5972873,True
dc_686de1690128,True
dc_3c709b4835c3,False
dc_7d96f21e96e8,True
dc_c2c582121fae,True
dc_1674d44d30cc,True
dc_6073295c9610,True
dc_e34d7f618094,False
dc_9f2ca161d2a1,False
dc_57ca1ebae8e5,False
dc_5a66fc0b92a1,True
dc_ea75373be693,False
dc_668e8cfeb9b1,False
dc_85dc506fa124,True
dc_4d54edf1f2b3,False
dc_1d6382ebcca5,False
dc_01c60ff235ed,False
dc_a3b2dac5f2d0,False
dc_e567c4149e4f,True
dc_8e9fdcb36e6f,True
dc_efd5fc83731e,True
dc_0af20c3aa097,True
dc_b067df925538,False
dc_957ede7b418e,True
dc_07c6d715a86b,False
dc_4b5149e761b0,True
dc_0dc2e0d5e422,True
dc_574dbb1df5a6,True
dc_7b085144d463,False
dc_e973f22c27bf,True
dc_5ac7881d70a2,True
dc_827fe89cbc5e,True
dc_edae91eea7f3,True
dc_6a1b8137ce48,True
dc_d7d660e610a2,True
dc_bf1df6b842e9,True
dc_84a15c5e48cb,True
dc_23cf9d5d92b8,True
dc_3a460ff301b5,True
dc_49375bfb4e76,True
dc_2e4b032d0260,True
dc_9351a2fe0177,True
dc_a1ec41fa9483,False
dc_df61119311e7,True
dc_dd2e714c19e0,False
dc_c20b2302aff2,True
dc_dee61d200c43,True
dc_ab293c583bc3,True
dc_71354fe4b02d,True
dc_c4a43ff19d8c,True
dc_82d5bf536c6b,True
dc_daf9220540a9,True
dc_cfa3a5031c6d,True
dc_65de9231db68,True
dc_3d7a9b4bc895,True
dc_9886b7475b36,True
dc_83eddcd908a9,True
dc_4ff698fbffc3,True
dc_feaaf89fa226,True
dc_0c42588f498d,True
dc_91f5a2b35cfd,True
dc_ef10904644d7,True
dc_1a6315f98500,True
dc_f7f92d6bf396,True
dc_9c363afc7136,True
dc_ba22ed99a4e2,True
dc_4a132824cfec,True
dc_18fb4cc70d24,True
dc_54774f9d575c,True
dc_5c56cb4398bf,True
dc_c46ec9dd6e53,False
dc_790645b0b559,True
dc_6b77189e7c43,True
dc_0beb79d0e77c,False
dc_e9deb284a87f,True
dc_d693a8cbac60,False
dc_230dec843522,True
dc_d5be93382554,True
dc_f5513f749da8,True
dc_73600f71acda,False
dc_b8ec7b743908,False
dc_8f7e3fd47d8b,True
dc_e06390a3cf71,False
dc_d63cf08f250a,True
dc_869246c3ddf0,False
dc_e89730a17213,True
dc_ede8e462546a,True
dc_08e7c19da1a8,True
dc_81f8dd3b6f39,False
dc_ac6c1bbc4b5a,True
dc_510cff48ca13,False
dc_186227436fd6,True
dc_3d475b731d7a,True
dc_757f768eba9e,True
dc_907bebabdb02,True
dc_5270a2cc2b71,True
dc_f64d056bbae2,True
dc_215283604b6e,False
dc_0f715e95c136,False
dc_03018a9d0b6e,True
dc_d8396c50b3ee,True
dc_eb20055e37d8,True
dc_699df009d618,True
dc_5ce525abc4b0,True
dc_f16da2318b3f,True
dc_3fcfdde53010,True
dc_7ef3283adb5a,False
dc_3c9eb2937c6d,True
dc_bb427e05d591,True
dc_43894af7cd6d,False
dc_429c38217707,True
dc_7212377335fd,True
dc_d5219db2a1d5,False
dc_978ee4734a31,False
dc_6bda20d02c25,True
dc_e60910dea260,True
dc_1ce5c0466dac,False
dc_e59e36c03e54,True
dc_334b14b79218,True
dc_02a45ce844d8,True
dc_a11921ca0756,True
dc_d49e6fd6c32a,True
dc_6216c49b2a10,True
dc_45a130be2be9,True
dc_646e4da4cdc0,False
dc_068c81dbe338,False
dc_f7e12f7229a2,False
dc_7b586018e4c3,True
dc_9b042aff160a,True
dc_10369a8df37e,False
dc_2d174e33a292,False
dc_1f8be8294d52,False
dc_0df484691fd4,True
dc_e5ee534a8f75,False
dc_4e24d0589219,False
dc_b49da9aafa96,False
dc_1209b396219a,False
dc_8f212e8b9568,False
dc_1971ec91f74b,False
dc_29e4078ce63e,False
dc_6697ca251c9a,False
dc_7a9ad2611660,False
dc_0d412ec4abac,True
dc_d89bd2b62165,False
dc_61f8ed64a9f7,False
dc_074fbadebefb,False
dc_fb656744b899,True
dc_e1c1a14911c4,False
dc_0d3e2978537f,False
dc_a8c1a452b265,False
dc_e5424615cf44,False
dc_0a62b3bc7207,False
dc_a46fb1abda97,False
dc_c06b85cd674e,False
dc_e1d5b1f3fda5,False
dc_482ea594144f,False
dc_709476f6cd40,False
dc_533d38eafbc1,False
dc_66e21c80d487,False
dc_dd0e72c403c9,False
dc_4b71e4693405,False
dc_906a3c0aa1a3,False
dc_5b99fee65568,False
dc_cffa148c7175,False
dc_a824cf17055c,False
dc_521feae1aae7,False
dc_bcd0a6c2165d,False
dc_3d890dc6520c,False
dc_590024763fae,False
dc_a40902f66f87,False
dc_c50964c22193,False
dc_332cf8bf4e95,False
dc_104eefb08c2e,False
dc_74f020694462,False
dc_6eb415a8ef3b,False
dc_62dd2b7fa7cc,False
dc_acfd3a40de9f,False
dc_85aaa696bf19,False
dc_9ecfe9c3bf78,True
dc_e83acd2e78d1,False
dc_bb1260086ef0,False
dc_5a3101d7946e,False
dc_f08f429f5b31,False
dc_1e56ff5b5b31,False
dc_39d40801f80a,True
dc_fa631ad5684c,False
dc_864daa63b839,True
dc_d0750011f8b2,False
dc_c2fe624e0003,False
dc_3afc967d9d1a,False
dc_ea29c9c9ca57,False
dc_1c5529fb9a1a,False
dc_cea813043db3,True
dc_a6907eaa6ace,True
dc_feb9c3b5df7f,False
dc_1cb42af58320,True
dc_9fb1f8d58659,True
dc_7d1f285cb791,True
dc_7c8c55acfb6b,True
dc_d41fb281d30a,True
dc_1628a2b176c6,True
dc_f54271a3c826,True
dc_585eb4a76a27,False
dc_1cbea47b2e15,True
dc_d2de7906afe4,True
dc_fc796ff9d529,True
dc_eb543ca87716,False
dc_61423542fa9a,True
dc_131aa5f35967,True
dc_b50a00a06b55,True
dc_6bcbbbcd10b1,True
dc_96abd1a194f0,True
dc_2a70a9e5cc7b,True
dc_883a5d1e99b8,True
dc_69fd86e9906c,True
dc_81a17a603597,True
dc_631371da65c8,True
dc_3d20ef20699e,True
dc_2e787555193c,True
dc_832cb24853a8,True
dc_524910b48583,True
dc_087c9c57a7c0,False
dc_ec2547a1d26b,True
dc_cc285f70fcb8,False
dc_66e879b37950,True
dc_5127aa265ade,False
dc_e4baea386a94,True
dc_d92a5dd0e5f6,False
dc_1ef09805fae1,True
dc_2a3cef084baa,True
dc_76d8a96e6398,True
dc_085fa1c6cd48,True
dc_f76653816c0f,True
dc_39191f37a067,True
dc_1bea2a6b9476,True
dc_0f68bcad00f6,True
dc_d75a55f76a00,True
dc_b0894a6e8d78,True
dc_086d8706935f,True
dc_ea0f41d7fc65,True
dc_1ee8b3394320,True
dc_340e8292278e,True
dc_9ff573d8cbd4,True
dc_6665f22986f2,True
dc_fdba30db93f1,True
dc_b74d4fad6802,True
dc_05ea777c5bb7,False
dc_f8f41a355b01,True
dc_9e58a3cef4db,False
dc_cbf981ab067c,True
dc_00512a7203c4,True
dc_1abdc6f74897,False
dc_6de50b540090,True
dc_c5814c3bae92,True
dc_0e2031e82e1b,False
dc_f1a86c9afb0a,True
dc_ad7345365e4c,True
dc_2ae3bfe26148,False
dc_3754a7061eec,False
dc_f03287bb770b,False
dc_ebdae989294c,True
dc_7a35346543ed,True
dc_53d2895afa2f,True
dc_64b54588a2f9,True
dc_340ff7de7b3d,True
dc_ee1d5c95c480,True
dc_9a9772149ba3,True
dc_1a5e11d27901,True
dc_d740e4f61b56,False
dc_ff3b81fbfd6f,True
dc_2328225d0c1f,True
dc_c4b9bcee32cd,False
dc_573f8a5781df,False
dc_787326b05d49,True
dc_d6f640fb6635,False
dc_fd0192eae06a,True
dc_8b186260df9f,True
dc_4eb1e48ec0be,True
dc_2e94aa76b2e3,True
dc_ae5f9fdee7ee,True
dc_8346029d9f3d,True
dc_265564f45ed2,False
dc_199ded780f63,False
dc_5b3b4f66f387,True
dc_2d6ea7ca3b60,True
dc_e4f0ffd292d9,True
dc_c6d76c93385d,False
dc_370cc6f40ea9,True
dc_9b04c18bf82a,True
dc_b6815d83ac53,True
dc_ced68be9f4dd,False
dc_b6941fc8a5af,False
dc_d10d2ffca929,False
dc_f289518407b9,False
dc_ca426d800c5e,False
dc_24d87e9fe5e5,True
dc_89af903960ac,False
dc_351caa7b27c5,False
dc_7af833dd4dce,False
dc_12f2ff8f7b4c,False
dc_ed1e2cf9b5d8,True
dc_d8e488d2ebd7,True
dc_904e33ba7206,False
dc_686beb9d707e,True
dc_710f9439619a,True
dc_ce6ae3a25086,False
dc_ac16fc556bbf,False
dc_8517c7de8a9c,False
dc_e1b3a8f32643,False
dc_00e628ce6044,False
dc_bf2b1134f899,False
dc_06b6217194bb,False
dc_227328ca29fa,False
dc_d9595069df1d,False
dc_45594dea9379,False
dc_effe5dd6b5df,False
dc_d13459ca6718,False
dc_b3d26444c787,False
dc_02cbb0a9f4e7,False
dc_d1e1933ac3d8,False
dc_054193767570,False
dc_36754c52f050,False
dc_559731ec2e30,True
dc_854cee558167,True
dc_57ba990839e2,True
dc_d51a40e3ebd7,True
dc_002da1390e71,True
dc_a234b02a6a79,True
dc_755d5a3f3818,True
dc_1fd168086757,True
dc_528384267832,False
dc_2e8f81227e3c,True
dc_374a8dbdef04,False
dc_73878c244253,False
dc_9b958c018393,True
dc_7538b0a42bca,True
dc_54b013b60906,True
dc_64527d47d8c6,True
dc_bdff878de982,False
dc_33e94a939c1b,False
dc_f2ddfa4dc87b,True
dc_af951740e7e1,True
dc_f173d04f46e2,True
dc_4ee36820cdbd,False
dc_f34b6043d4fd,True
dc_8e268643b2bf,True
dc_8a7de1e6b962,True
dc_1b48e32e32a9,True
dc_e8f9e82ff0a7,True
dc_868fa144afdf,True
dc_cd5551c92afa,False
dc_70f64e34b56c,False
dc_5b24108b6e9d,True
dc_e0c953c40206,True
dc_be0ed008ea39,True
dc_ed562b27f502,False
dc_dfa68b7343d1,True
dc_2e1860ff6362,True
dc_f7435c1bda22,False
dc_2dcf536a9c38,True
dc_c673c48513b5,True
dc_fdae777cf363,True
dc_9004be7e046a,True
dc_42c854b8c335,False
dc_803d715f084d,False
dc_380aecb0436f,False
dc_d5435f3cc757,False
dc_1aee472b3c86,False
dc_ddf294b48205,False
dc_c0fdbe032d75,False
dc_4fbb34622183,True
dc_af15da12f636,False
dc_10b5ea15f75c,False
dc_4cde6afb83b5,False
dc_ada093eb611f,False
dc_026860356044,False
dc_ccce259deff1,False
dc_120e0272afcc,False
dc_4500391b9a8b,False
dc_69f514533469,False
dc_6fc77096a366,False
dc_5505e83a8a7d,False
dc_dfcdf261d966,False
dc_ffee65abd862,False
dc_5daffb14e048,False
dc_2600bf81e31a,False
dc_80b3c168cede,False
dc_9bb24f423687,False
dc_74f18bfa8df0,False
dc_8adc27a50dae,True
dc_601b882f713f,True
dc_9f34fd0de9e0,True
dc_1893390c83ef,True
dc_0528a0ff632a,True
dc_7595c5d5e7dc,True
dc_7f9ae02ccc0f,False
dc_2844929e4bbb,True
dc_a693333e3230,True
dc_d85b37adc53e,True
dc_11f7728742a2,True
dc_451e126116e7,True
dc_e060f829c242,True
dc_0cfbf292e004,False
dc_583749301cba,True
dc_8571719d8d4f,True
dc_f762d99d6b4e,False
dc_883d27078b2e,False
dc_577d0763b239,False
dc_53c76c4c9a51,True
dc_c81ebd5c76fc,True
dc_1e1101b5f2d2,True
dc_5dc1ed2d15ae,True
dc_bfc2d08370f4,True
dc_d4f724bf0b85,True
dc_857c2235de8a,True
dc_810fb2f8aacf,True
dc_0ef9a41e7d70,False
dc_f462f5b23353,False
dc_a189b6ecc607,True
dc_70473eb49a8f,False
dc_a5cc2c2adb3a,False
dc_06efc6377b82,False
dc_5a1da1c84a02,True
dc_50050da00f9b,True
dc_5fa783970111,True
dc_81f85512b730,True
dc_607669b8392b,True
dc_935e740f9717,False
dc_bc06006b2111,False
dc_e2ea0f2d5fa5,True
dc_4c9033aaa0e5,False
dc_dd717d06043b,False
dc_d7293cd91449,False
dc_6d88b75bdb12,True
dc_1a15871c8912,False
dc_ffc36ba64dc4,False
dc_ccac73fc88ed,True
dc_41dcb90246ba,False
dc_3ea7dd208f28,False
dc_bceae002eccf,True
dc_ebb75c83c360,True
dc_aeb9d6e08cbd,False
dc_f04188e560e6,True
dc_2457668a558c,False
dc_5c4333eac436,False
dc_d263fd05759c,True
dc_466154b3dc5e,False
dc_94f25c0bbaa4,False
dc_c97789fd9abd,False
dc_8f5936e41883,True
dc_c37802ecd331,False
dc_d86fdc4e8f2f,False
dc_b31752bb43f2,True
dc_ee5a10e9cdc7,True
dc_fed2cce6b6c2,False
dc_2d99d5205c9e,True
dc_f377bd967513,True
dc_c58b1b612021,True
dc_c52613c23f50,False
dc_081751389720,True
dc_487092045130,True
dc_948f3bdc4314,True
dc_c1dfe74f8be0,True
dc_805132b8f582,False
dc_cf6c58c618b0,True
dc_eb804c8b0e43,False
dc_ace039d9399a,True
dc_5880d7b58735,True
dc_b8a06f212731,False
dc_09200711b7ac,False
dc_70fb4023eb68,True
dc_1bdd34364619,True
dc_854b5acb373f,False
dc_e61bb2d7e36b,True
dc_7efbc943a5b5,True
dc_5e85cebf311b,True
dc_1f1b1571370c,True
dc_d4c3cf951bc7,True
dc_ad06f9a5ee9b,True
dc_edfca97bd4a7,False
dc_1b4a6e68cdff,False
dc_685f4d6dffe6,True
dc_1562ba96259b,True
dc_cb3651da3ba0,True
dc_36114ae3ca3e,True
dc_2a69da90abd8,True
dc_84c0a8b27128,False
dc_72f68f42d432,True
dc_ba26367c42aa,True
dc_41293169fcf5,True
dc_8e83f64e34c5,True
dc_22a625aec698,True
dc_c2f3fa259c37,True
dc_c4556817118d,True
dc_b56773cdbfc2,False
dc_4fe04b8d0451,True
dc_f56907de3951,True
dc_afac4d785392,True
dc_12ade908d006,True
dc_8379a521a52c,True
dc_330093ad86f7,True
dc_1bdb44e1842a,False
dc_b2ae0d89652f,True
dc_78d8f7c02c3f,True
dc_dd7f371bd132,True
dc_94ad65dfbe69,True
dc_110d4d59e055,False
dc_96c5b654ee78,False
dc_d0a52d46f2aa,True
dc_c7be2966c16a,False
dc_6c5c3de9236e,False
dc_0ba8bcd18eb0,True
dc_3c15e6d243fd,False
dc_398612fa21ca,True
dc_9277151d2171,False
dc_7d30ac8ea42e,True
dc_43204ca86890,True
dc_d1aef113ad23,True
dc_80dd96d6f070,True
dc_c620295c9127,True
dc_21bd83254e11,True
dc_b91b77b57b86,True
dc_7db3bba7c9ec,True
dc_984b3aec7ac9,True
dc_ec4c14283b81,False
dc_d5a6dcb8e4b7,True
dc_2e2dbc3e3848,True
dc_5b163fef210d,True
dc_e40648befe43,False
dc_19939411d9e4,True
dc_df94ebb7df29,True
dc_e2b5deb384b2,True
dc_73f7a3eb7f29,True
dc_1cb4fe2a0b9e,True
dc_22a977948445,True
dc_bdfc6ad54e05,False
dc_1bc2b9120fd7,False
dc_dbe2757c8762,True
dc_c5f760fd708b,True
dc_79ba191d0ddc,True
dc_e16c0048b956,False
dc_79462a7aea36,True
dc_b98bb7d5812f,True
dc_042da0f1f99d,True
dc_01f485c24f90,True
dc_f2511fb5508c,True
dc_783ed530397e,True
dc_b095480b552f,False
dc_adec6a6778f5,True
dc_34504f6932cc,True
dc_8a8de44b5d59,False
dc_34c302840328,True
dc_88450995c8ab,True
dc_05323da3c824,True
dc_5c289e8fcbb5,True
dc_ed793f68cc82,True
dc_0967d5287af9,True
dc_7d8d010f3707,True
dc_970d93b0c688,True
dc_2839fc2c5212,False
dc_877f8d001c22,True
dc_f9308489536b,False
dc_5a62da9c3162,False
dc_1fec2e59960c,True
dc_e4de78d83084,True
dc_64860b293bb0,True
dc_597fa7e4dbb1,True
dc_a26daee8f0b8,False
dc_b7447025e854,True
dc_a19dbeb11233,True
dc_e3f553271048,False
dc_682c5aa2595c,True
dc_087ab67b867b,True
dc_71b5b73fcac8,False
dc_80a9eb772e82,True
dc_b5323f8208c8,True
dc_d64ac7105bee,False
dc_fd5d2f4c2f9e,False
dc_d26d3b37dc1a,False
dc_fa5618a8e380,False
dc_f3db3ae251af,True
dc_5f57417784ad,True
dc_9e8f44c6161f,True
dc_c1851f9d9727,True
dc_7cc4b0b4fc96,True
dc_be812f833558,True
dc_f6923d09cd62,True
dc_871585f535e8,True
dc_df65c9139bfb,True
dc_c67379e56350,True
dc_f16231684f36,True
dc_2c9f0fdd6bd5,True
dc_7fabd1d8f84d,False
dc_667b43557d64,False
dc_90539e96965d,False
dc_879b2f39f650,False
dc_9c88fb61b0b7,True
dc_b0c57c44b511,True
dc_b21478932c0d,True
dc_0b62aed251e8,True
dc_ad5acf412ac8,True
dc_b46c8dba016d,True
dc_5148f9e54a98,True
dc_cdd309693dd3,True
dc_edee31226499,False
dc_19e8b4001ea2,False
dc_afb5c6969c03,True
dc_f30128395268,True
dc_e8fdaabd81bd,False
dc_d988206c842d,True
dc_db4d5ab5de2e,True
dc_25599351716f,True
dc_3c4b4aee9b7e,True
dc_818cc8a2f8fc,True
dc_058f35b988cf,False
dc_34120cb9bfb9,False
dc_abcef906ff55,True
dc_d0d2390b75ed,True
dc_00b2737ad841,True
dc_1939617702b6,False
dc_ec9f9b87e90e,False
dc_3cd8837b3e4f,False
dc_40952e73c63b,True
dc_9a32e70d572f,False
dc_a48bd507b5ac,False
dc_10b31ee93f9a,True
dc_257a1a9f40c2,True
dc_707f7bff6b02,True
dc_af88d300efeb,True
dc_b2178656f857,True
dc_bce2a55a99d1,False
dc_b93bd4dfbee7,False
dc_67ff6b9472eb,False
dc_f58af64586a4,True
dc_40e076b938dd,True
dc_f0c152473863,False
dc_3129f2c900a6,False
dc_74861ceae290,True
dc_d17cb43dd5eb,True
dc_b7238ef1801a,True
dc_806d588bcd8f,False
dc_23b0f1f2b92c,True
dc_9ed1aea6df62,False
dc_74a33a13576f,False
dc_d3a8a17157cf,False
dc_7d3c86a321c9,False
dc_a33abfa67825,True
dc_022cedeff92c,False
dc_f231db004eb1,True
dc_8f85055bfe5d,True
dc_d1996798840c,True
dc_f3e921cb9abe,True
dc_b28695cd9ccc,False
dc_a1a2d4c9b9b0,False
dc_7f78d28d21cc,True
dc_41ca0ce0a509,False
dc_50e9c91a244c,False
dc_1a05036564f4,True
dc_8895a8adb317,False
dc_3c96251ce435,True
dc_4290cc221459,False
dc_882a55829541,False
dc_96450fb1f38e,True
dc_028c228e5604,False
dc_0e25227f34f6,False
dc_e3e2113ca594,True
dc_57096ce99736,False
dc_feec39d1d16e,True
dc_25ebcc8c51a4,False
dc_29cc8119d959,True
dc_9fe2fa1cb2a0,False
dc_90929b3b19a1,True
dc_4de2dac0b961,True
dc_927b5df60a78,True
dc_d7f54557743c,True
dc_f7aa8ddc2fe1,True
dc_e7bcef4e6ef3,True
dc_5d9780f4d912,True
dc_21ebebf3dbbb,True
dc_0697d50df413,False
dc_1976e66defac,True
dc_9641538f7308,False
dc_75f15cdb1182,True
dc_64fac6510bfa,True
dc_6306dacb193a,True
dc_5eb44db8e6ca,True
dc_3cd6e70ce3be,True
dc_a7346f4ae373,False
dc_a9daac2a9bcf,True
dc_8d868acd51ee,True
dc_a39b4630d4f6,True
dc_686c58c1074a,True
dc_c005344da0ff,True
dc_ef3e0fde0b9d,True
dc_aa41048d7691,True
dc_e22e8d10f87c,False
dc_4e2c0853b3db,True
dc_6f387c9933e4,True
dc_805c4656a845,True
dc_cd3925d5b7dd,True
dc_6db2ddc44c26,True
dc_02dc64b737be,True
dc_9674a1042873,True
dc_7371f6e88a78,True
dc_f386ecfb7f09,True
dc_e7c1247bfe63,True
dc_5108e71bb3f6,False
dc_46a9ac21e607,True
dc_a0de6177fed5,True
dc_5c57ba7c00e3,False
dc_b64820074b60,True
dc_becc51ab069d,True
dc_4873817267bd,True
dc_df9ba61f4853,False
dc_c737f1f6d886,True
dc_277c0f0581fc,True
dc_8e3b85f052e5,False
dc_e357f9d3e068,True
dc_fe6a5082e1a4,True
dc_e9670855b833,True
dc_1691e39922f2,True
dc_22ddddb49a8e,True
dc_94697aa66760,False
dc_a8fff910467b,False
dc_81e63f1a603e,False
dc_9449ac8454ad,False
dc_420b62321920,True
